{
	"name": "{ZX-IDE_PROJECT_NAME}",
	"image": "dgzornoza/zxide-dev:latest",	
	"runArgs": [
		"--name=${localWorkspaceFolderBasename}",
		"--add-host=host.docker.internal:host-gateway"
	],
	"customizations": {
		"vscode": {
			"extensions": [		
				"dgzornoza.zxide",			
				"mutantdino.resourcemonitor",			
				"maziac.dezog",
				"maziac.asm-code-lens",
				"maziac.hex-hover-converter",
				"maziac.sna-fileviewer",
				"maziac.z80-instruction-set",				
				"theNestruo.z80-asm-meter"
			]
		}
	}
}